{
    "parent": "minecraft:item/generated",
    "textures": {
        "layer0": "minecraft:item/map"
    },
	"overrides": [
		{"predicate": {"custom_model_data":1}, "model": "item/gui/battlepass"},
		{"predicate": {"custom_model_data":2}, "model": "minecraft:item/map"},
		{"predicate": {"custom_model_data":3}, "model": "item/gui/dailyquests"},
		{"predicate": {"custom_model_data":4}, "model": "item/gui/quests"},
		{"predicate": {"custom_model_data":5}, "model": "item/gui/rewards"},
		{"predicate": {"custom_model_data":6}, "model": "item/gui/weeklyquests"}
	]
}
