{
	"credit": "Made by OLLIEZ4",
	"texture_size": [128, 128],
	"textures": {
		"0": "space:item/parachute",
		"particle": "space:item/parachute"
	},
	"elements": [
		{
			"from": [0, 0, 0],
			"to": [1, 23.9, 2],
			"rotation": {"angle": 22.5, "axis": "z", "origin": [0, 2, 0]},
			"faces": {
				"north": {"uv": [0.25, 4.75, 0.375, 7.625], "texture": "#0"},
				"east": {"uv": [0, 4.75, 0.25, 7.625], "texture": "#0"},
				"south": {"uv": [0.625, 4.75, 0.75, 7.625], "texture": "#0"},
				"west": {"uv": [0.375, 4.75, 0.625, 7.625], "texture": "#0"},
				"up": {"uv": [0.375, 4.75, 0.25, 4.5], "texture": "#0"},
				"down": {"uv": [0.5, 4.5, 0.375, 4.75], "texture": "#0"}
			}
		},
		{
			"from": [15, 0, 0],
			"to": [16, 23.9, 2],
			"rotation": {"angle": -22.5, "axis": "z", "origin": [16, 2, 0]},
			"faces": {
				"north": {"uv": [0.25, 4.75, 0.375, 7.625], "texture": "#0"},
				"east": {"uv": [0, 4.75, 0.25, 7.625], "texture": "#0"},
				"south": {"uv": [0.625, 4.75, 0.75, 7.625], "texture": "#0"},
				"west": {"uv": [0.375, 4.75, 0.625, 7.625], "texture": "#0"},
				"up": {"uv": [0.375, 4.75, 0.25, 4.5], "texture": "#0"},
				"down": {"uv": [0.5, 4.5, 0.375, 4.75], "texture": "#0"}
			}
		},
		{
			"from": [-9, 23, -6],
			"to": [9, 24, 8],
			"rotation": {"angle": 22.5, "axis": "z", "origin": [0, 2, 0]},
			"faces": {
				"north": {"uv": [1.75, 1.75, 4, 1.875], "texture": "#0"},
				"east": {"uv": [0, 1.75, 1.75, 1.875], "texture": "#0"},
				"south": {"uv": [5.75, 1.75, 8, 1.875], "texture": "#0"},
				"west": {"uv": [4, 1.75, 5.75, 1.875], "texture": "#0"},
				"up": {"uv": [4, 1.75, 1.75, 0], "texture": "#0"},
				"down": {"uv": [6.25, 0, 4, 1.75], "texture": "#0"}
			}
		},
		{
			"from": [7, 23, -6],
			"to": [25, 24, 8],
			"rotation": {"angle": -22.5, "axis": "z", "origin": [16, 2, 0]},
			"faces": {
				"north": {"uv": [1.75, 1.75, 4, 1.875], "texture": "#0"},
				"east": {"uv": [0, 1.75, 1.75, 1.875], "texture": "#0"},
				"south": {"uv": [5.75, 1.75, 8, 1.875], "texture": "#0"},
				"west": {"uv": [4, 1.75, 5.75, 1.875], "texture": "#0"},
				"up": {"uv": [4, 1.75, 1.75, 0], "texture": "#0"},
				"down": {"uv": [6.25, 0, 4, 1.75], "texture": "#0"}
			}
		},
		{
			"from": [-0.1, 24.8, -5.999],
			"to": [16.1, 25.8, 7.999],
			"rotation": {"angle": 0, "axis": "y", "origin": [0, 2, 0]},
			"faces": {
				"north": {"uv": [1.625, 3.625, 3.625, 3.75], "texture": "#0"},
				"east": {"uv": [0, 3.625, 1.625, 3.75], "texture": "#0"},
				"south": {"uv": [5.25, 3.625, 7.25, 3.75], "texture": "#0"},
				"west": {"uv": [3.625, 3.625, 5.25, 3.75], "texture": "#0"},
				"up": {"uv": [3.625, 3.625, 1.625, 2], "texture": "#0"},
				"down": {"uv": [5.625, 2, 3.625, 3.625], "texture": "#0"}
			}
		}
	],
	"gui_light": "front",
	"display": {
		"thirdperson_righthand": {
			"rotation": [83, 0, 0],
			"translation": [-6, -8.5, 10.5],
			"scale": [1.2, 1.2, 1.2]
		},
		"thirdperson_lefthand": {
			"rotation": [83, 0, 0],
			"translation": [-6, -8.5, 10.5],
			"scale": [1.2, 1.2, 1.2]
		},
		"firstperson_righthand": {
			"rotation": [-13, 0, 0],
			"translation": [-8.5, 7.5, 2.25],
			"scale": [3, 3, 3]
		},
		"firstperson_lefthand": {
			"rotation": [-13, 0, 0],
			"translation": [-8.5, 7.5, 2.25],
			"scale": [3, 3, 3]
		},
		"ground": {
			"translation": [0, 0.75, 0],
			"scale": [0.5, 0.5, 0.5]
		},
		"gui": {
			"rotation": [15, 26, 0],
			"translation": [1.25, -1.75, 0],
			"scale": [0.25, 0.25, 0.25]
		},
		"head": {
			"translation": [0, 4.75, 5.5],
			"scale": [0.8, 0.8, 0.8]
		},
		"fixed": {
			"translation": [0, 0, 1.75],
			"scale": [0.3, 0.3, 0.3]
		}
	}
}