{
	"credit": "Made by OLLIEZ4",
	"ambientocclusion": false,
	"texture_size": [64, 64],
	"textures": {
		"0": "space:item/ender",
		"particle": "space:item/ender"
	},
	"elements": [
		{
			"from": [1, 0, 1],
			"to": [15, 10, 15],
			"faces": {
				"north": {"uv": [10.5, 10.75, 14, 8.25], "texture": "#0"},
				"east": {"uv": [0, 10.75, 3.5, 8.25], "texture": "#0"},
				"south": {"uv": [3.5, 10.75, 7, 8.25], "texture": "#0"},
				"west": {"uv": [7, 10.75, 10.5, 8.25], "texture": "#0"},
				"up": {"uv": [7, 8.25, 3.5, 4.75], "texture": "#0"},
				"down": {"uv": [10.5, 4.75, 7, 8.25], "texture": "#0"}
			}
		},
		{
			"from": [1, 10, 1],
			"to": [15, 15, 15],
			"faces": {
				"north": {"uv": [3.5, 4.75, 7, 3.5], "texture": "#0"},
				"east": {"uv": [0, 4.75, 3.5, 3.5], "texture": "#0"},
				"south": {"uv": [10.5, 4.75, 14, 3.5], "texture": "#0"},
				"west": {"uv": [7, 4.75, 10.5, 3.5], "texture": "#0"},
				"up": {"uv": [10.5, 0, 7, 3.5], "texture": "#0"},
				"down": {"uv": [7, 0, 3.5, 3.5], "texture": "#0"}
			}
		},
		{
			"from": [7, 8, 0],
			"to": [9, 12, 1],
			"faces": {
				"north": {"uv": [0.25, 0.25, 0.75, 1.25], "texture": "#0"},
				"east": {"uv": [0, 0.25, 0.25, 1.25], "texture": "#0"},
				"south": {"uv": [1, 0.25, 1.5, 1.25], "texture": "#0"},
				"west": {"uv": [0.75, 0.25, 1, 1.25], "texture": "#0"},
				"up": {"uv": [0.75, 0.25, 1.25, 0.5], "texture": "#0"},
				"down": {"uv": [1.25, 0, 1.75, 0.25], "texture": "#0"}
			}
		}
	],
	"display": {
		"thirdperson_righthand": {
			"rotation": [75, 45, 0],
			"translation": [0, 2.5, 0],
			"scale": [0.375, 0.375, 0.375]
		},
		"thirdperson_lefthand": {
			"rotation": [75, 45, 0],
			"translation": [0, 2.5, 0],
			"scale": [0.375, 0.375, 0.375]
		},
		"firstperson_righthand": {
			"rotation": [0, 45, 0],
			"scale": [0.4, 0.4, 0.4]
		},
		"firstperson_lefthand": {
			"rotation": [0, 45, 0],
			"scale": [0.4, 0.4, 0.4]
		},
		"ground": {
			"rotation": [0, 3, 0],
			"scale": [0.25, 0.25, 0.25]
		},
		"gui": {
			"rotation": [30, -135, 0],
			"translation": [0, -0.25, 0],
			"scale": [0.615, 0.615, 0.615]
		}
	}
}