{
	"credit": "Made by OLLIEZ4",
	"textures": {
		"layer0": "space:item/rotary_saw"
	},
	"elements": [
		{
			"from": [12, 2, 7],
			"to": [14, 6, 9],
			"faces": {
				"north": {"uv": [14, 6, 12, 10], "texture": "#layer0"},
				"east": {"uv": [13, 6, 14, 10], "texture": "#layer0"},
				"south": {"uv": [12, 6, 14, 10], "texture": "#layer0"},
				"west": {"uv": [12, 6, 13, 10], "texture": "#layer0"},
				"up": {"uv": [12, 6, 14, 7], "texture": "#layer0"},
				"down": {"uv": [12, 9, 14, 10], "texture": "#layer0"}
			}
		},
		{
			"from": [9, 3, 7.3],
			"to": [11, 5, 8.7],
			"faces": {
				"north": {"uv": [11, 7, 9, 9], "texture": "#layer0"},
				"east": {"uv": [10, 7, 11, 9], "texture": "#layer0"},
				"south": {"uv": [9, 7, 11, 9], "texture": "#layer0"},
				"west": {"uv": [9, 7, 10, 9], "texture": "#layer0"},
				"up": {"uv": [9, 7, 11, 8], "texture": "#layer0"},
				"down": {"uv": [9, 8, 11, 9], "texture": "#layer0"}
			}
		},
		{
			"from": [8, 3, 7.3],
			"to": [9, 6, 8.7],
			"faces": {
				"north": {"uv": [8, 6, 9, 9], "texture": "#layer0"},
				"east": {"uv": [8, 6, 9, 9], "texture": "#layer0"},
				"south": {"uv": [8, 6, 9, 9], "texture": "#layer0"},
				"west": {"uv": [8, 6, 9, 9], "texture": "#layer0"},
				"up": {"uv": [8, 6, 9, 7], "texture": "#layer0"},
				"down": {"uv": [8, 8, 9, 9], "texture": "#layer0"}
			}
		},
		{
			"from": [7, 2, 7.8],
			"to": [9, 3, 8.2],
			"faces": {
				"north": {"uv": [7, 9, 9, 10], "texture": "#layer0"},
				"east": {"uv": [7, 9, 9, 10], "texture": "#layer0"},
				"south": {"uv": [7, 9, 9, 10], "texture": "#layer0"},
				"west": {"uv": [7, 9, 9, 10], "texture": "#layer0"},
				"up": {"uv": [7, 9, 9, 10], "texture": "#layer0"},
				"down": {"uv": [7, 9, 9, 10], "texture": "#layer0"}
			}
		},
		{
			"from": [7, 5, 7.3],
			"to": [8, 6, 8.7],
			"faces": {
				"north": {"uv": [7, 6, 8, 7], "texture": "#layer0"},
				"east": {"uv": [7, 6, 8, 7], "texture": "#layer0"},
				"south": {"uv": [7, 6, 8, 7], "texture": "#layer0"},
				"west": {"uv": [7, 6, 8, 7], "texture": "#layer0"},
				"up": {"uv": [7, 6, 8, 7], "texture": "#layer0"},
				"down": {"uv": [7, 6, 8, 7], "texture": "#layer0"}
			}
		},
		{
			"from": [11, 3, 7],
			"to": [12, 5, 9],
			"faces": {
				"north": {"uv": [11, 7, 12, 9], "texture": "#layer0"},
				"south": {"uv": [11, 7, 12, 9], "texture": "#layer0"},
				"west": {"uv": [11, 7, 12, 9], "texture": "#layer0"},
				"up": {"uv": [11, 7, 12, 8], "texture": "#layer0"},
				"down": {"uv": [11, 8, 12, 9], "texture": "#layer0"}
			}
		},
		{
			"from": [10, 5, 7.3],
			"to": [12, 6, 8.7],
			"faces": {
				"north": {"uv": [10, 6, 12, 7], "texture": "#layer0"},
				"east": {"uv": [10, 6, 11, 7], "texture": "#layer0"},
				"south": {"uv": [10, 6, 12, 7], "texture": "#layer0"},
				"west": {"uv": [10, 6, 11, 7], "texture": "#layer0"},
				"up": {"uv": [10, 6, 11, 7], "texture": "#layer0"},
				"down": {"uv": [10, 6, 11, 7], "texture": "#layer0"}
			}
		},
		{
			"from": [10, 2, 7.3],
			"to": [12, 3, 8.7],
			"faces": {
				"north": {"uv": [10, 9, 12, 10], "texture": "#layer0"},
				"east": {"uv": [10, 9, 11, 10], "texture": "#layer0"},
				"south": {"uv": [10, 9, 12, 10], "texture": "#layer0"},
				"west": {"uv": [10, 9, 11, 10], "texture": "#layer0"},
				"up": {"uv": [10, 9, 11, 10], "texture": "#layer0"},
				"down": {"uv": [10, 9, 11, 10], "texture": "#layer0"}
			}
		},
		{
			"from": [7, 3, 6.9],
			"to": [8, 5, 9.1],
			"faces": {
				"north": {"uv": [7, 7, 8, 9], "texture": "#layer0"},
				"east": {"uv": [7, 7, 8, 9], "texture": "#layer0"},
				"south": {"uv": [7, 7, 8, 9], "texture": "#layer0"},
				"west": {"uv": [7, 7, 8, 9], "texture": "#layer0"},
				"up": {"uv": [7, 7, 8, 9], "texture": "#layer0"},
				"down": {"uv": [7, 7, 8, 9], "texture": "#layer0"}
			}
		},
		{
			"from": [6, 4, 6.9],
			"to": [7, 6, 9.1],
			"faces": {
				"north": {"uv": [6, 6, 7, 8], "texture": "#layer0"},
				"east": {"uv": [6, 6, 7, 8], "texture": "#layer0"},
				"south": {"uv": [6, 6, 7, 8], "texture": "#layer0"},
				"west": {"uv": [6, 6, 7, 8], "texture": "#layer0"},
				"up": {"uv": [6, 6, 7, 8], "texture": "#layer0"},
				"down": {"uv": [6, 6, 7, 8], "texture": "#layer0"}
			}
		},
		{
			"from": [2, 4, 6.9],
			"to": [3, 6, 9.1],
			"faces": {
				"north": {"uv": [2, 6, 3, 8], "texture": "#layer0"},
				"east": {"uv": [2, 6, 3, 8], "texture": "#layer0"},
				"south": {"uv": [2, 6, 3, 8], "texture": "#layer0"},
				"west": {"uv": [2, 6, 3, 8], "texture": "#layer0"},
				"up": {"uv": [2, 6, 3, 8], "texture": "#layer0"},
				"down": {"uv": [2, 6, 3, 8], "texture": "#layer0"}
			}
		},
		{
			"from": [1, 2, 6.9],
			"to": [2, 5, 9.1],
			"faces": {
				"north": {"uv": [1, 7, 2, 10], "texture": "#layer0"},
				"east": {"uv": [1, 7, 2, 10], "texture": "#layer0"},
				"south": {"uv": [1, 7, 2, 10], "texture": "#layer0"},
				"west": {"uv": [1, 7, 2, 10], "texture": "#layer0"},
				"up": {"uv": [1, 7, 2, 10], "texture": "#layer0"},
				"down": {"uv": [1, 7, 2, 10], "texture": "#layer0"}
			}
		},
		{
			"from": [3, 5, 6.9],
			"to": [6, 7, 9.1],
			"faces": {
				"north": {"uv": [6, 5, 3, 7], "texture": "#layer0"},
				"east": {"uv": [5, 5, 6, 7], "texture": "#layer0"},
				"south": {"uv": [3, 5, 6, 7], "texture": "#layer0"},
				"west": {"uv": [3, 5, 4, 7], "texture": "#layer0"},
				"up": {"uv": [3, 5, 6, 6], "texture": "#layer0"},
				"down": {"uv": [3, 6, 6, 7], "texture": "#layer0"}
			}
		},
		{
			"from": [4, 2, 7.3],
			"to": [5, 3, 8.7],
			"faces": {
				"north": {"uv": [4, 9, 5, 10], "texture": "#layer0"},
				"east": {"uv": [4, 9, 5, 10], "texture": "#layer0"},
				"south": {"uv": [4, 9, 5, 10], "texture": "#layer0"},
				"west": {"uv": [4, 9, 5, 10], "texture": "#layer0"},
				"up": {"uv": [4, 9, 5, 10], "texture": "#layer0"},
				"down": {"uv": [4, 9, 5, 10], "texture": "#layer0"}
			}
		},
		{
			"from": [1, 1, 7.1],
			"to": [2, 2, 8.9],
			"faces": {
				"north": {"uv": [1, 10, 2, 11], "texture": "#layer0"},
				"east": {"uv": [1, 10, 2, 11], "texture": "#layer0"},
				"south": {"uv": [1, 10, 2, 11], "texture": "#layer0"},
				"west": {"uv": [1, 10, 2, 11], "texture": "#layer0"},
				"up": {"uv": [1, 10, 2, 11], "texture": "#layer0"},
				"down": {"uv": [1, 10, 2, 11], "texture": "#layer0"}
			}
		},
		{
			"from": [2, 0, 7.1],
			"to": [3, 1, 8.9],
			"faces": {
				"north": {"uv": [2, 11, 3, 12], "texture": "#layer0"},
				"east": {"uv": [2, 11, 3, 12], "texture": "#layer0"},
				"south": {"uv": [2, 11, 3, 12], "texture": "#layer0"},
				"west": {"uv": [2, 11, 3, 12], "texture": "#layer0"},
				"up": {"uv": [2, 11, 3, 12], "texture": "#layer0"},
				"down": {"uv": [2, 11, 3, 12], "texture": "#layer0"}
			}
		},
		{
			"from": [3, 3, 7.7],
			"to": [6, 5, 8.3],
			"faces": {
				"north": {"uv": [3, 7, 6, 9], "texture": "#layer0"},
				"east": {"uv": [5, 7, 6, 8], "texture": "#layer0"},
				"south": {"uv": [3, 7, 6, 9], "texture": "#layer0"},
				"west": {"uv": [3, 7, 4, 8], "texture": "#layer0"},
				"up": {"uv": [3, 7, 6, 8], "texture": "#layer0"},
				"down": {"uv": [3, 8, 6, 9], "texture": "#layer0"}
			}
		},
		{
			"from": [3, 0, 7.7],
			"to": [6, 2, 8.3],
			"faces": {
				"north": {"uv": [3, 10, 6, 12], "texture": "#layer0"},
				"east": {"uv": [5, 10, 6, 12], "texture": "#layer0"},
				"south": {"uv": [3, 10, 6, 12], "texture": "#layer0"},
				"west": {"uv": [3, 10, 4, 12], "texture": "#layer0"},
				"up": {"uv": [3, 10, 6, 11], "texture": "#layer0"},
				"down": {"uv": [3, 11, 6, 12], "texture": "#layer0"}
			}
		},
		{
			"from": [6, 1, 7.7],
			"to": [7, 4, 8.3],
			"faces": {
				"north": {"uv": [6, 8, 7, 11], "texture": "#layer0"},
				"east": {"uv": [6, 8, 7, 11], "texture": "#layer0"},
				"south": {"uv": [6, 8, 7, 11], "texture": "#layer0"},
				"up": {"uv": [6, 8, 7, 9], "texture": "#layer0"},
				"down": {"uv": [6, 10, 7, 11], "texture": "#layer0"}
			}
		},
		{
			"from": [2, 1, 7.7],
			"to": [3, 4, 8.3],
			"faces": {
				"north": {"uv": [2, 8, 3, 11], "texture": "#layer0"},
				"south": {"uv": [2, 8, 3, 11], "texture": "#layer0"},
				"west": {"uv": [2, 8, 3, 11], "texture": "#layer0"},
				"up": {"uv": [2, 8, 3, 9], "texture": "#layer0"},
				"down": {"uv": [2, 10, 3, 11], "texture": "#layer0"}
			}
		},
		{
			"from": [5, 2, 7.7],
			"to": [6, 3, 8.3],
			"faces": {
				"north": {"uv": [5, 9, 6, 10], "texture": "#layer0"},
				"east": {"uv": [5, 9, 6, 10], "texture": "#layer0"},
				"south": {"uv": [5, 9, 6, 10], "texture": "#layer0"},
				"west": {"uv": [5, 9, 6, 10], "texture": "#layer0"},
				"up": {"uv": [5, 9, 6, 10], "texture": "#layer0"},
				"down": {"uv": [5, 9, 6, 10], "texture": "#layer0"}
			}
		},
		{
			"from": [3, 2, 7.7],
			"to": [4, 3, 8.3],
			"faces": {
				"north": {"uv": [3, 9, 4, 10], "texture": "#layer0"},
				"east": {"uv": [3, 9, 4, 10], "texture": "#layer0"},
				"south": {"uv": [3, 9, 4, 10], "texture": "#layer0"},
				"west": {"uv": [3, 9, 4, 10], "texture": "#layer0"},
				"up": {"uv": [3, 9, 4, 10], "texture": "#layer0"},
				"down": {"uv": [3, 9, 4, 10], "texture": "#layer0"}
			}
		}
	],
	"gui_light": "front",
	"display": {
		"thirdperson_righthand": {
			"rotation": [16, -90, 0],
			"translation": [0, 4, -3.25]
		},
		"thirdperson_lefthand": {
			"rotation": [16, 90, 0],
			"translation": [0, 4, -3.25]
		},
		"firstperson_righthand": {
			"rotation": [0, -84, 0],
			"translation": [0, 6.5, -0.75]
		},
		"firstperson_lefthand": {
			"rotation": [0, 84, 0],
			"translation": [0, 6.5, 0]
		},
		"ground": {
			"translation": [0, 0.75, 0],
			"scale": [0.6, 0.6, 0.6]
		},
		"gui": {
			"translation": [0, 4, 0]
		},
		"head": {
			"rotation": [0, -180, 29],
			"translation": [6.25, 13.75, 0]
		},
		"fixed": {
			"translation": [0.25, 4, 0]
		}
	},
	"groups": [
		{
			"name": "Handle",
			"origin": [8, 8, 8],
			"children": [0, 1, 2, 3, 4, 5, 6, 7]
		},
		{
			"name": "Cover",
			"origin": [8, 8, 8],
			"children": [8, 9, 10, 11, 12, 13, 14, 15]
		},
		{
			"name": "Blade",
			"origin": [8, 8, 8],
			"children": [16, 17, 18, 19, 20, 21]
		}
	]
}